Borough,Entropy
Bronx,0.8812908992306927
Brooklyn,0.7219280948873623
Manhattan,1.219240704636849
Queens,0.2863969571159562
Staten Island,0.46899559358928117
