Borough,Entropy
Manhattan,1.3570582407828986
Queens,1.0616045875543154
Staten Island,0.4138168503036338
Brooklyn,0.3431003078809371
Bronx,0.24229218908241482
