{"mancova": {"Exercise_Level (adj)": {"lambda": 0.17360846964749171, "F": 109.66809687704905, "p": 4.272472379267896e-86, "eta2": 0.826}, "Smoking_Status (adj)": {"lambda": 0.8835318880221312, "F": 10.369923560732323, "p": 1.951354069942515e-06, "eta2": 0.116}}, "manova": {"Exercise_Level": {"lambda": 0.2371085382887127, "F": 81.4822571129319, "p": 2.255765579504711e-69, "eta2": 0.763}, "Smoking_Status": {"lambda": 0.8688132359407752, "F": 11.676974215209759, "p": 3.7351211303418906e-07, "eta2": 0.131}, "Exercise \u00d7 Smoking (interaction)": {"lambda": 0.9863447144376206, "F": 0.5334741919187792, "p": 0.7828961656049956, "eta2": 0.014}}, "ancova": {"Exercise_Level_Cardio_Fitness": {"F": 302.5457038336498, "p": 7.449363690921164e-66, "eta2": 0.7090402456728211}, "Smoking_Status_Cardio_Fitness": {"F": 24.83933778215127, "p": 1.2028520495423304e-06, "eta2": 0.09322612043249634}, "Exercise_Level_Mental_Health": {"F": 295.76165443187585, "p": 5.076315113805358e-65, "eta2": 0.7128191671243985}, "Smoking_Status_Mental_Health": {"F": 11.354955896476987, "p": 0.0008782822121904576, "eta2": 0.045615825077884246}, "Exercise_Level_Energy_Level": {"F": 409.85485966964507, "p": 1.6802078296941847e-77, "eta2": 0.7743859545753305}, "Smoking_Status_Energy_Level": {"F": 13.756979402896523, "p": 0.0002591862543941416, "eta2": 0.054620543071288746}}, "anova": {"Exercise_Level_Cardio_Fitness": {"F": 423.9269736881772, "p": 1.5868107541332453e-78, "eta2": 0.709874914045334}, "Smoking_Status_Cardio_Fitness": {"F": 111.31423236665022, "p": 1.5348810610944739e-21, "eta2": 0.09319904846562246}, "Exercise\u00d7Smoking_Cardio_Fitness": {"F": 0.6013653411105296, "p": 0.5489076068269353, "eta2": 0.001006999309613843}, "Exercise_Level_Mental_Health": {"F": 346.7311066887281, "p": 1.0582713378672929e-70, "eta2": 0.7126746622880045}, "Smoking_Status_Mental_Health": {"F": 44.37903944101532, "p": 1.9149678136949412e-10, "eta2": 0.0456085657389329}, "Exercise\u00d7Smoking_Mental_Health": {"F": 0.6002575738794955, "p": 0.5495128956414274, "eta2": 0.001233775555460693}, "Exercise_Level_Energy_Level": {"F": 532.2495709558549, "p": 8.425201210312276e-88, "eta2": 0.774775727327088}, "Smoking_Status_Energy_Level": {"F": 75.03064189714792, "p": 7.704806858859018e-16, "eta2": 0.05460964491082938}, "Exercise\u00d7Smoking_Energy_Level": {"F": 0.20754693548132944, "p": 0.8127245216827217, "eta2": 0.000302118285606645}}, "adj_means": {"Cardio_Fitness": {"Low": 43.65606799128298, "Moderate": 57.990875125382686, "High": 69.51617934146901}, "Mental_Health": {"Low": 52.31702424677746, "Moderate": 67.59840934843015, "High": 73.4729148689052}, "Energy_Level": {"Low": 43.90629703925684, "Moderate": 58.51307903000092, "High": 71.85289781416779}}, "grand_bmi": 26.142}