{"best_k": 3, "sil_kmeans": 0.6197854994883045, "sil_hc": 0.6197854994883045, "sil_by_k": {"2": 0.5171911004509433, "3": 0.6197854994883045, "4": 0.6096335525016637, "5": 0.5052855624244101, "6": 0.5042159744537982, "7": 0.3855601106136051}, "cca_roots": [{"r": 1.0, "r2": 1.0, "wilks": 0.0, "chi2": Infinity, "df": 12, "p": 0.0}, {"r": 0.7706575949439441, "r2": 0.5939131286447843, "wilks": 0.0, "chi2": Infinity, "df": 6, "p": 0.0}, {"r": 0.43665875594592385, "r2": 0.1906708691442419, "wilks": 0.0, "chi2": Infinity, "df": 2, "p": 0.0}], "cluster_labels": {"0": "Aging Facility (high defects, high downtime)", "1": "High Automation (fast, precise, high energy)", "2": "Labor-Intensive (slow, high labor cost)"}}