{"r2": 0.7026841939920934, "adj_r2": 0.6902094049288245, "F": 56.32834274217111, "F_p": 2.879195785221463e-35, "path": {"Study_Hours": {"c": 2.4769544467136217, "c_p": 1.1804506677990088e-20, "a": -0.04186123147561628, "a_p": 0.4772560295056951, "b": -1.4966748643515433, "b_p": 1.1139317553104085e-06, "c_prime": 2.4143017937732667, "cp_p": 4.1741399822956666e-22, "indirect": 0.06265265294035655, "sobel_p": 0.48041562978555685, "ci_lo": -0.1036230374359562, "ci_hi": 0.2424463414115747, "pct_mediated": 2.529422897683199, "type": "Partial mediation"}, "Attendance_Rate": {"c": 0.09552934692469357, "c_p": 0.2931932227924615, "a": -0.0006706974152506615, "a_p": 0.9695223891930539, "b": -1.6924523677730934, "b_p": 4.557798105630239e-05, "c_prime": 0.09439422349619435, "cp_p": 0.2733619750426795, "indirect": 0.0011351234285002757, "sobel_p": 0.9694720784633399, "ci_lo": -0.05336365228429497, "ci_hi": 0.06901925635116946, "pct_mediated": 1.1882457747723336, "type": "No mediation"}, "Practice_Tests": {"c": 1.3319529702970332, "c_p": 0.004585023565819415, "a": 0.10462376237623781, "a_p": 0.25347866336071795, "b": -1.8219367641759763, "b_p": 6.764497958410127e-06, "c_prime": 1.522570849376713, "cp_p": 0.0006186346243449009, "indirect": -0.19061787907967898, "sobel_p": 0.26556519327700956, "ci_lo": -0.5032333302213288, "ci_hi": 0.10607569145977265, "pct_mediated": -14.311156874943572, "type": "Partial mediation"}}, "betas": {"Study_Hours": 0.6637505281008504, "Stress_Level": -0.3232635857495712, "Practice_Tests": 0.3166784466499098, "Sleep_Hours": -0.22898880658120863, "Attendance_Rate": 0.19065062551216264, "Sleep_Sq": -0.03338374842512802}}