{"lifestyle": {"acc": 0.625, "auc": 0.6681250000000001, "sen": 0.625, "spe": 0.625, "f1": 0.625, "cm": [[25, 15], [15, 25]], "cv_mean": 0.646875, "cv_std": 0.0958616353136123, "coef": {"Exercise_Hours_Per_Week": 0.7093114757219247, "Stress_Level": -0.638128168106611, "Smoking_Years": -0.24067274126662852}, "intercept": 0.0}, "clinical": {"acc": 0.675, "auc": 0.7243750000000001, "sen": 0.775, "spe": 0.575, "f1": 0.7045454545454546, "cm": [[31, 9], [17, 23]], "cv_mean": 0.66875, "cv_std": 0.08172935519138762, "coef": {"Age": -0.5984746101001556, "BMI": -0.6140557398323944, "Blood_Pressure": -0.5560229313140728, "Cholesterol": -0.5846408474952619}, "intercept": 0.0}, "full": {"acc": 0.7625, "auc": 0.8350000000000001, "sen": 0.825, "spe": 0.7, "f1": 0.7764705882352941, "cm": [[33, 7], [12, 28]], "cv_mean": 0.75, "cv_std": 0.07781187248742957, "coef": {"Exercise_Hours_Per_Week": 0.9566971681735581, "Stress_Level": -0.9320007999931461, "Smoking_Years": -0.34380784533564296, "Age": -0.6091064778838456, "BMI": -0.7689334341228105, "Blood_Pressure": -0.8569693478892528, "Cholesterol": -0.8525216098817884}, "intercept": 8.881784197001252e-16}, "lr": {"acc": 0.7625, "auc": 0.83375, "sen": 0.825, "spe": 0.7, "f1": 0.7764705882352941, "cv_mean": 0.75, "cv_std": 0.07261843774138907}, "struct": {"Exercise_Hours_Per_Week": 0.4726434815288862, "Stress_Level": -0.4485244959250774, "Blood_Pressure": -0.3972583284842365, "BMI": -0.39334915600220843, "Age": -0.35264910333688004, "Cholesterol": -0.2850945675171439, "Smoking_Years": -0.17003580900789456}, "raw_coef": {"Exercise_Hours_Per_Week": 0.6473537952051456, "Stress_Level": -0.49934665408637396, "Smoking_Years": -0.06159802878016856, "Age": -0.06496287381903178, "BMI": -0.1572860158110429, "Blood_Pressure": -0.05881883608326891, "Cholesterol": -0.02409033956736087}, "raw_inter": 20.80984317335245, "std_coef": {"Exercise_Hours_Per_Week": 0.9566971681735581, "Stress_Level": -0.9320007999931461, "Smoking_Years": -0.34380784533564296, "Age": -0.6091064778838456, "BMI": -0.7689334341228105, "Blood_Pressure": -0.8569693478892528, "Cholesterol": -0.8525216098817884}, "std_inter": 8.881784197001252e-16, "top_domain": "Full"}