{"acc_lda": 0.7625, "auc_lda": 0.8350000000000001, "sen_lda": 0.825, "spe_lda": 0.7, "f1_lda": 0.7764705882352941, "pre_lda": 0.7333333333333333, "acc_lr": 0.7625, "auc_lr": 0.83375, "sen_lr": 0.825, "spe_lr": 0.7, "f1_lr": 0.7764705882352941, "cv_lda_mean": 0.75, "cv_lda_std": 0.07781187248742957, "cv_lr_mean": 0.75, "cv_lr_std": 0.07261843774138907, "std_coef": {"Age": -0.6091064778838474, "BMI": -0.7689334341228121, "Blood_Pressure": -0.8569693478892543, "Cholesterol": -0.8525216098817883, "Exercise_Hours_Per_Week": 0.95669716817356, "Stress_Level": -0.9320007999931481, "Smoking_Years": -0.343807845335644}, "raw_coef": {"Age": -0.06496287381903196, "BMI": -0.15728601581104323, "Blood_Pressure": -0.05881883608326901, "Cholesterol": -0.024090339567360865, "Exercise_Hours_Per_Week": 0.6473537952051469, "Stress_Level": -0.499346654086375, "Smoking_Years": -0.061598028780168755}, "std_intercept": 8.881784197001252e-16, "raw_intercept": 20.809843173352483, "D_example": -2.0527760213627566, "struct_r": {"Exercise_Hours_Per_Week": 0.47264348152888636, "Stress_Level": -0.44852449592507754, "Blood_Pressure": -0.3972583284842365, "BMI": -0.39334915600220854, "Age": -0.3526491033368804, "Cholesterol": -0.28509456751714296, "Smoking_Years": -0.17003580900789483}, "cm_lda": [[33, 7], [12, 28]], "cm_lr": [[33, 7], [12, 28]], "hr_centroid": -0.790096357042602, "lr_centroid": 0.7176624258983584}