{"kmo": 0.8237092938437715, "bartlett_chi2": 5203.765440695839, "bartlett_p": 0.0, "n_factors": 4, "factor_labels": {"Factor1": "Depressive Affect & Fatigue", "Factor2": "Emotional Regulation & Coping", "Factor3": "Anxiety & Sleep Disturbance", "Factor4": "Social Confidence & Assertiveness"}, "var_explained": 81.79513143727742, "fs_r2": 0.6520204683984183, "fs_adj_r2": 0.6484966250404276, "item_r2": 0.6657816800784662, "item_adj_r2": 0.653628286626774, "fs_F": 185.0310590338502, "fs_F_p": 3.7157237988453806e-89, "eigenvalues": [4.164006468479145, 3.6161261292570144, 2.366109188655087, 1.9955456430564393, 0.34237800591179013, 0.2812299194145131, 0.21906443645913437, 0.17632293613640346]}