borough,kl_divergence
Brooklyn,0.2222239689844037
Staten Island,0.209430706095419
Bronx,0.20410671959695975
Manhattan,0.19440811564924346
Queens,0.05192391014987055
