borough,kl_divergence
Bronx,0.0802691304264483
Brooklyn,0.145256189083096
Manhattan,0.09188080344620161
Queens,0.06516444083283462
Staten Island,0.09525468657200915
