Participant,Average_Entropy,Std_Dev
FS1987,0.5405194004589247,0.319342697239056
FS2116,0.6330209831648408,0.3752866045615878
