Participant,Average_Temporal_Entropy,Std_Dev,Min_Entropy,Max_Entropy,Routine_Assessment,Health_Prediction
FS1987,0.5894510172923277,0.3586896045188091,0.0,1.3793929556575797,Regular Routine,Good
FS2116,0.7083399237894185,0.4202617692958327,0.0,1.5959882977101967,Regular Routine,Good
