{
  "features": [
    "loan_amnt",
    "term",
    "int_rate",
    "installment",
    "grade",
    "emp_length",
    "annual_inc",
    "dti",
    "fico_range_low",
    "inq_last_6mths",
    "open_acc",
    "pub_rec",
    "revol_util",
    "total_acc",
    "delinq_2yrs"
  ],
  "means": [
    15167.476896418944,
    43.335772044666925,
    12.959412570059468,
    448.2627185213708,
    1.8634963419329995,
    5.952204466692337,
    74379.88920030592,
    19.56971275617165,
    692.0820230607967,
    0.6306314978821718,
    12.398173105720275,
    0.23977987421383648,
    52.854727677234415,
    26.309759123775297,
    0.34383155778034485
  ],
  "stds": [
    8375.875083753088,
    11.056445069763129,
    4.516638826526923,
    244.71659242259696,
    1.3411397880747553,
    3.7063608029339807,
    37827.74188938878,
    8.603297313130035,
    29.15346465906755,
    0.870697442668889,
    5.661276672776356,
    0.6715601009061144,
    23.364233605556155,
    12.205619900059725,
    0.9112634812625138
  ],
  "lda_acc": 71.1,
  "lr_acc": 71.1
}